Workbook

Sheet Mode d'emploi
B2: INVENTAIRE PHYSIQUE - ECONOMAT
B3: Ofauria - feuille de comptage a imprimer ou a remplir directement dans Excel
B5: SECTION | C5: COMMENT FAIRE
B6: 1. Avant de commencer | C6: Renseignez la date, le nom du compteur et du verificateur en haut de chaque onglet de comptage. Comptez zone par zone et cochez au fur et a mesure : ne revenez jamais en arriere sur une ligne deja comptee.
B7: 2. Onglet 'Ingredients' | C7: Une ligne par ingredient de l'economat. Deux facons de saisir, au choix selon l'article : - Article en contenants (sac, seau, bidon...) : mettez le nombre de contenants PLEINS en colonne J, puis le reste (sac entame, pese sur balance) en colonne K, dans l'unite de l'article. - Article en vrac ou a la piece : laissez J vide et mettez tout le comptage en colonne K. La colonne L 'Qte comptee' se calcule toute seule : J x contenu du contenant + K.
B8: 3. Onglet 'Consommables' | C8: Emballages, produits et materiel d'entretien, petit materiel. Une seule colonne de saisie : colonne I 'Qte comptee', en pieces (ou dans l'unite indiquee).
B9: 4. Couleurs des cellules | C9: Fond JAUNE = a remplir a la main. Fond GRIS = calcule automatiquement, ne pas ecrire dedans. Fond blanc = donnee issue de l'application (theorique, prix, categorie).
B10: 5. Ecarts | C10: Ecart = Qte comptee - Stock theorique. Le stock theorique est ici volontairement mis a 0 : le comptage physique fait foi et l'ecart est donc egal a la quantite comptee. Toute ligne avec un ecart non nul apparait en rouge : justifiez-la en colonne 'Observations' (casse, perte, erreur de reception, sortie non saisie...).
B11: 6. Onglet 'Synthese' | C11: Recapitulatif automatique par famille : valeur comptee, valeur theorique et valeur de l'ecart. Rien a saisir, tout se met a jour des que vous remplissez les onglets de comptage.
B12: 7. Apres le comptage | C12: Faites signer la feuille, puis reportez les quantites comptees dans l'application (Economat > ajustement de stock) en conservant ce fichier comme piece justificative.
B14: EXEMPLE DE SAISIE (onglet Ingredients)
B15: Article | C15: Unite | D15: Contenant | E15: Contenu/contenant | F15: Stock theorique | G15: Nb contenants pleins | H15: Qte hors contenant | I15: Qte comptee | J15: Ecart
B16: Farine boulangerie | C16: kg | D16: Sac | E16: 25 | F16: 875 | G16: 34 | H16: 12.5 | I16: 34 x 25 + 12,5 -> 862,5 | J16: -12,5
B17: Beurre | C17: kg | F17: 725 | H17: 718 | I17: 718 | J17: -7
B18: Oeuf | C18: unit | F18: 3720 | H18: 3735 | I18: 3 735 | J18: +15

Sheet Ingredients
A1: INVENTAIRE ECONOMAT - INGREDIENTS ET MATIERES PREMIERES
A3: Date de l'inventaire : | B3: 06/08/2026 | D3: Comptage effectue par : | E3: Releve carnet magasin | G3: Verifie par :
A4: Fond jaune = a remplir | fond gris = calcule automatiquement | ecart non nul = ligne en rouge
A6: N° | B6: Famille | C6: Categorie | D6: Article | E6: Fournisseur | F6: Unite | G6: Contenant | H6: Contenu / contenant | I6: Stock theorique | J6: Nb contenants pleins | K6: Qte hors contenant | L6: Qte comptee | M6: Ecart | N6: PU | O6: Valeur comptee | P6: Valeur ecart | Q6: DLC la + proche | R6: Statut | S6: Observations
A7: 1 | B7: Matières premières | C7: Ingrédients > Autre | D7: Amarina | F7: unit | I7: 0 | L7: =IF(AND(J7="",K7=""),"",IF(H7="",K7,J7*H7+K7)) | M7: =IF(L7="","",L7-I7) | N7: 145 | O7: =IF(L7="","",L7*N7) | P7: =IF(M7="","",M7*N7) | R7: En stock
A8: 2 | B8: Matières premières | C8: Ingrédients > Autre | D8: Amelioruer de viennoiserie | F8: kg | I8: 0 | L8: =IF(AND(J8="",K8=""),"",IF(H8="",K8,J8*H8+K8)) | M8: =IF(L8="","",L8-I8) | N8: 20 | O8: =IF(L8="","",L8*N8) | P8: =IF(M8="","",M8*N8) | R8: En stock
A9: 3 | B9: Matières premières | C9: Ingrédients > Autre | D9: Baignoire | F9: unit | I9: 0 | L9: =IF(AND(J9="",K9=""),"",IF(H9="",K9,J9*H9+K9)) | M9: =IF(L9="","",L9-I9) | N9: 230 | O9: =IF(L9="","",L9*N9) | P9: =IF(M9="","",M9*N9) | R9: En stock
A10: 4 | B10: Matières premières | C10: Ingrédients > Autre | D10: Barbe de noire | F10: g | I10: 0 | L10: =IF(AND(J10="",K10=""),"",IF(H10="",K10,J10*H10+K10)) | M10: =IF(L10="","",L10-I10) | N10: 0.08 | O10: =IF(L10="","",L10*N10) | P10: =IF(M10="","",M10*N10) | R10: Stock a 0
A11: 5 | B11: Matières premières | C11: Ingrédients > Autre | D11: Bouillon poisson (boîte 36 cubes) | E11: Idéal | F11: unit | I11: 0 | L11: =IF(AND(J11="",K11=""),"",IF(H11="",K11,J11*H11+K11)) | M11: =IF(L11="","",L11-I11) | N11: 1.3889 | O11: =IF(L11="","",L11*N11) | P11: =IF(M11="","",M11*N11) | R11: Jamais recu
A12: 6 | B12: Matières premières | C12: Ingrédients > Autre | D12: Boules colorées | F12: unit | I12: 0 | L12: =IF(AND(J12="",K12=""),"",IF(H12="",K12,J12*H12+K12)) | M12: =IF(L12="","",L12-I12) | N12: 5 | O12: =IF(L12="","",L12*N12) | P12: =IF(M12="","",M12*N12) | R12: En stock
A13: 7 | B13: Matières premières | C13: Ingrédients > Autre | D13: Boulgour | F13: kg | I13: 0 | L13: =IF(AND(J13="",K13=""),"",IF(H13="",K13,J13*H13+K13)) | M13: =IF(L13="","",L13-I13) | N13: 7 | O13: =IF(L13="","",L13*N13) | P13: =IF(M13="","",M13*N13) | R13: Stock a 0
A14: 8 | B14: Matières premières | C14: Ingrédients > Autre | D14: Brick | F14: unit | I14: 0 | L14: =IF(AND(J14="",K14=""),"",IF(H14="",K14,J14*H14+K14)) | M14: =IF(L14="","",L14-I14) | N14: 8 | O14: =IF(L14="","",L14*N14) | P14: =IF(M14="","",M14*N14) | R14: Stock a 0
A15: 9 | B15: Matières premières | C15: Ingrédients > Autre | D15: CHOCOLAT LAIT DGF | F15: kg | I15: 0 | L15: =IF(AND(J15="",K15=""),"",IF(H15="",K15,J15*H15+K15)) | M15: =IF(L15="","",L15-I15) | N15: 103.33 | O15: =IF(L15="","",L15*N15) | P15: =IF(M15="","",M15*N15) | R15: En stock
A16: 10 | B16: Matières premières | C16: Ingrédients > Autre | D16: CHOCOLAT NOIR DGF | F16: kg | I16: 0 | L16: =IF(AND(J16="",K16=""),"",IF(H16="",K16,J16*H16+K16)) | M16: =IF(L16="","",L16-I16) | N16: 99.17 | O16: =IF(L16="","",L16*N16) | P16: =IF(M16="","",M16*N16) | R16: En stock
A17: 11 | B17: Matières premières | C17: Ingrédients > Autre | D17: COMPTE de pomme | F17: unit | I17: 0 | L17: =IF(AND(J17="",K17=""),"",IF(H17="",K17,J17*H17+K17)) | M17: =IF(L17="","",L17-I17) | N17: 0 | O17: =IF(L17="","",L17*N17) | P17: =IF(M17="","",M17*N17) | R17: Jamais recu
A18: 12 | B18: Matières premières | C18: Ingrédients > Autre | D18: COMPTE DE POMME | F18: unit | I18: 0 | L18: =IF(AND(J18="",K18=""),"",IF(H18="",K18,J18*H18+K18)) | M18: =IF(L18="","",L18-I18) | N18: 140.83 | O18: =IF(L18="","",L18*N18) | P18: =IF(M18="","",M18*N18) | R18: Stock a 0
A19: 13 | B19: Matières premières | C19: Ingrédients > Autre | D19: CREME PATISSIERE | F19: kg | I19: 0 | L19: =IF(AND(J19="",K19=""),"",IF(H19="",K19,J19*H19+K19)) | M19: =IF(L19="","",L19-I19) | N19: 9.83 | O19: =IF(L19="","",L19*N19) | P19: =IF(M19="","",M19*N19) | R19: En stock
A20: 14 | B20: Matières premières | C20: Ingrédients > Autre | D20: CURCUMA | F20: g | I20: 0 | L20: =IF(AND(J20="",K20=""),"",IF(H20="",K20,J20*H20+K20)) | M20: =IF(L20="","",L20-I20) | N20: 0.06 | O20: =IF(L20="","",L20*N20) | P20: =IF(M20="","",M20*N20) | R20: En stock
A21: 15 | B21: Matières premières | C21: Ingrédients > Autre | D21: Cacahuète | F21: g | I21: 0 | L21: =IF(AND(J21="",K21=""),"",IF(H21="",K21,J21*H21+K21)) | M21: =IF(L21="","",L21-I21) | N21: 10 | O21: =IF(L21="","",L21*N21) | P21: =IF(M21="","",M21*N21) | R21: En stock
A22: 16 | B22: Matières premières | C22: Ingrédients > Autre | D22: Café templier | F22: kg | I22: 0 | L22: =IF(AND(J22="",K22=""),"",IF(H22="",K22,J22*H22+K22)) | M22: =IF(L22="","",L22-I22) | N22: 0 | O22: =IF(L22="","",L22*N22) | P22: =IF(M22="","",M22*N22) | R22: Jamais recu
A23: 17 | B23: Matières premières | C23: Ingrédients > Autre | D23: Champignon | F23: unit | I23: 0 | L23: =IF(AND(J23="",K23=""),"",IF(H23="",K23,J23*H23+K23)) | M23: =IF(L23="","",L23-I23) | N23: 20 | O23: =IF(L23="","",L23*N23) | P23: =IF(M23="","",M23*N23) | R23: En stock
... A88: 82 | B88: Matières premières | C88: Ingrédients > Autre | D88: Purée de mangue | F88: kg | I88: 0 | L88: =IF(AND(J88="",K88=""),"",IF(H88="",K88,J88*H88+K88)) | M88: =IF(L88="","",L88-I88) | N88: 97.8 | O88: =IF(L88="","",L88*N88) | P88: =IF(M88="","",M88*N88) | R88: Stock a 0
A89: 83 | B89: Matières premières | C89: Ingrédients > Autre | D89: Purée de passion | F89: l | I89: 0 | L89: =IF(AND(J89="",K89=""),"",IF(H89="",K89,J89*H89+K89)) | M89: =IF(L89="","",L89-I89) | N89: 97.8 | O89: =IF(L89="","",L89*N89) | P89: =IF(M89="","",M89*N89) | Q89: 2027-02-03 | R89: En stock
A90: 84 | B90: Matières premières | C90: Ingrédients > Autre | D90: Purée de poire | F90: ml | I90: 0 | L90: =IF(AND(J90="",K90=""),"",IF(H90="",K90,J90*H90+K90)) | M90: =IF(L90="","",L90-I90) | N90: 0 | O90: =IF(L90="","",L90*N90) | P90: =IF(M90="","",M90*N90) | R90: Jamais recu
A91: 85 | B91: Matières premières | C91: Ingrédients > Autre | D91: Purée framboises | F91: kg | I91: 0 | L91: =IF(AND(J91="",K91=""),"",IF(H91="",K91,J91*H91+K91)) | M91: =IF(L91="","",L91-I91) | N91: 97.8 | O91: =IF(L91="","",L91*N91) | P91: =IF(M91="","",M91*N91) | R91: En stock
A92: 86 | B92: Matières premières | C92: Ingrédients > Autre | D92: Purée passion | F92: ml | I92: 0 | L92: =IF(AND(J92="",K92=""),"",IF(H92="",K92,J92*H92+K92)) | M92: =IF(L92="","",L92-I92) | N92: 0 | O92: =IF(L92="","",L92*N92) | P92: =IF(M92="","",M92*N92) | R92: Jamais recu
A93: 87 | B93: Matières premières | C93: Ingrédients > Autre | D93: Purée pomme | F93: kg | I93: 0 | L93: =IF(AND(J93="",K93=""),"",IF(H93="",K93,J93*H93+K93)) | M93: =IF(L93="","",L93-I93) | N93: 0 | O93: =IF(L93="","",L93*N93) | P93: =IF(M93="","",M93*N93) | R93: Jamais recu
A94: 88 | B94: Matières premières | C94: Ingrédients > Autre | D94: RAISIN | F94: kg | I94: 0 | K94: 20.5 | L94: =IF(AND(J94="",K94=""),"",IF(H94="",K94,J94*H94+K94)) | M94: =IF(L94="","",L94-I94) | N94: 50 | O94: =IF(L94="","",L94*N94) | P94: =IF(M94="","",M94*N94) | R94: En stock
A95: 89 | B95: Matières premières | C95: Ingrédients > Autre | D95: Roses | F95: unit | I95: 0 | L95: =IF(AND(J95="",K95=""),"",IF(H95="",K95,J95*H95+K95)) | M95: =IF(L95="","",L95-I95) | N95: 2 | O95: =IF(L95="","",L95*N95) | P95: =IF(M95="","",M95*N95) | R95: En stock
A96: 90 | B96: Matières premières | C96: Ingrédients > Autre | D96: SUCRE CASSONADE | F96: kg | I96: 0 | L96: =IF(AND(J96="",K96=""),"",IF(H96="",K96,J96*H96+K96)) | M96: =IF(L96="","",L96-I96) | N96: 40.83 | O96: =IF(L96="","",L96*N96) | P96: =IF(M96="","",M96*N96) | R96: En stock
A97: 91 | B97: Matières premières | C97: Ingrédients > Autre | D97: Salé | F97: unit | I97: 0 | L97: =IF(AND(J97="",K97=""),"",IF(H97="",K97,J97*H97+K97)) | M97: =IF(L97="","",L97-I97) | N97: 10 | O97: =IF(L97="","",L97*N97) | P97: =IF(M97="","",M97*N97) | R97: En stock
A98: 92 | B98: Matières premières | C98: Ingrédients > Autre | D98: Sapoir shaabi | F98: kg | I98: 0 | L98: =IF(AND(J98="",K98=""),"",IF(H98="",K98,J98*H98+K98)) | M98: =IF(L98="","",L98-I98) | N98: 31.5875 | O98: =IF(L98="","",L98*N98) | P98: =IF(M98="","",M98*N98) | R98: Stock a 0
A99: 93 | B99: Matières premières | C99: Ingrédients > Autre | D99: Savon liquide pour les mains | F99: unit | I99: 0 | L99: =IF(AND(J99="",K99=""),"",IF(H99="",K99,J99*H99+K99)) | M99: =IF(L99="","",L99-I99) | N99: 15 | O99: =IF(L99="","",L99*N99) | P99: =IF(M99="","",M99*N99) | R99: En stock
A100: 94 | B100: Matières premières | C100: Ingrédients > Autre | D100: Sirop de glucose | F100: g | I100: 0 | L100: =IF(AND(J100="",K100=""),"",IF(H100="",K100,J100*H100+K100)) | M100: =IF(L100="","",L100-I100) | N100: 0.024 | O100: =IF(L100="","",L100*N100) | P100: =IF(M100="","",M100*N100) | R100: En stock
A101: 95 | B101: Matières premières | C101: Ingrédients > Autre | D101: Sofat garoin | F101: kg | I101: 0 | L101: =IF(AND(J101="",K101=""),"",IF(H101="",K101,J101*H101+K101)) | M101: =IF(L101="","",L101-I101) | N101: 39.166 | O101: =IF(L101="","",L101*N101) | P101: =IF(M101="","",M101*N101) | R101: En stock
A102: 96 | B102: Matières premières | C102: Ingrédients > Autre | D102: Sucrrée | F102: unit | I102: 0 | L102: =IF(AND(J102="",K102=""),"",IF(H102="",K102,J102*H102+K102)) | M102: =IF(L102="","",L102-I102) | N102: 15 | O102: =IF(L102="","",L102*N102) | P102: =IF(M102="","",M102*N102) | R102: En stock
A103: 97 | B103: Matières premières | C103: Ingrédients > Autre | D103: Sésame blan | F103: kg | I103: 0 | L103: =IF(AND(J103="",K103=""),"",IF(H103="",K103,J103*H103+K103)) | M103: =IF(L103="","",L103-I103) | N103: 48 | O103: =IF(L103="","",L103*N103) | P103: =IF(M103="","",M103*N103) | R103: Stock a 0
A104: 98 | B104: Matières premières | C104: Ingrédients > Autre | D104: TABLETTE SIGNATURE BLANC | F104: kg | I104: 0 | L104: =IF(AND(J104="",K104=""),"",IF(H104="",K104,J104*H104+K104)) | M104: =IF(L104="","",L104-I104) | N104: 35.72 | O104: =IF(L104="","",L104*N104) | P104: =IF(M104="","",M104*N104) | R104: Stock a 0
A105: 99 | B105: Matières premières | C105: Ingrédients > Autre | D105: Tegral multigrain | F105: kg | I105: 0 | L105: =IF(AND(J105="",K105=""),"",IF(H105="",K105,J105*H105+K105)) | M105: =IF(L105="","",L105-I105) | N105: 12.408 | O105: =IF(L105="","",L105*N105) | P105: =IF(M105="","",M105*N105) | R105: En stock
A106: 100 | B106: Matières premières | C106: Ingrédients > Autre | D106: Thym | F106: kg | I106: 0 | L106: =IF(AND(J106="",K106=""),"",IF(H106="",K106,J106*H106+K106)) | M106: =IF(L106="","",L106-I106) | N106: 116 | O106: =IF(L106="","",L106*N106) | P106: =IF(M106="","",M106*N106) | R106: Jamais recu
... A121: 115 | B121: Matières premières | C121: Ingrédients > Chocolat | D121: Batons boulangers DGF 500 | F121: unit | I121: 0 | L121: =IF(AND(J121="",K121=""),"",IF(H121="",K121,J121*H121+K121)) | M121: =IF(L121="","",L121-I121) | N121: 0 | O121: =IF(L121="","",L121*N121) | P121: =IF(M121="","",M121*N121) | R121: Jamais recu
A122: 116 | B122: Matières premières | C122: Ingrédients > Chocolat | D122: Beurre de cacao | E122: Ecomab | F122: kg | I122: 0 | L122: =IF(AND(J122="",K122=""),"",IF(H122="",K122,J122*H122+K122)) | M122: =IF(L122="","",L122-I122) | N122: 289.6 | O122: =IF(L122="","",L122*N122) | P122: =IF(M122="","",M122*N122) | R122: En stock
A123: 117 | B123: Matières premières | C123: Ingrédients > Chocolat | D123: Beurre de cacao chocovic | F123: kg | I123: 0 | L123: =IF(AND(J123="",K123=""),"",IF(H123="",K123,J123*H123+K123)) | M123: =IF(L123="","",L123-I123) | N123: 241.54 | O123: =IF(L123="","",L123*N123) | P123: =IF(M123="","",M123*N123) | R123: En stock
A124: 118 | B124: Matières premières | C124: Ingrédients > Chocolat | D124: CHOCOLAT BLAN DGF | F124: kg | I124: 0 | L124: =IF(AND(J124="",K124=""),"",IF(H124="",K124,J124*H124+K124)) | M124: =IF(L124="","",L124-I124) | N124: 107.5 | O124: =IF(L124="","",L124*N124) | P124: =IF(M124="","",M124*N124) | R124: En stock
A125: 119 | B125: Matières premières | C125: Ingrédients > Chocolat | D125: CHOCOLAT COUVERTURE BLANC VHP | F125: kg | I125: 0 | L125: =IF(AND(J125="",K125=""),"",IF(H125="",K125,J125*H125+K125)) | M125: =IF(L125="","",L125-I125) | N125: 90 | O125: =IF(L125="","",L125*N125) | P125: =IF(M125="","",M125*N125) | R125: En stock
A126: 120 | B126: Matières premières | C126: Ingrédients > Chocolat | D126: CHOCOLAT COUVERTURE LAIT VHP | F126: kg | I126: 0 | L126: =IF(AND(J126="",K126=""),"",IF(H126="",K126,J126*H126+K126)) | M126: =IF(L126="","",L126-I126) | N126: 90 | O126: =IF(L126="","",L126*N126) | P126: =IF(M126="","",M126*N126) | R126: En stock
A127: 121 | B127: Matières premières | C127: Ingrédients > Chocolat | D127: CHOCOLAT COUVIRETURE SIMPLE PLAN | F127: kg | I127: 0 | L127: =IF(AND(J127="",K127=""),"",IF(H127="",K127,J127*H127+K127)) | M127: =IF(L127="","",L127-I127) | N127: 90 | O127: =IF(L127="","",L127*N127) | P127: =IF(M127="","",M127*N127) | R127: Stock a 0
A128: 122 | B128: Matières premières | C128: Ingrédients > Chocolat | D128: CHOCOLAT DE COUVERTURE BLAN DGF | F128: kg | I128: 0 | L128: =IF(AND(J128="",K128=""),"",IF(H128="",K128,J128*H128+K128)) | M128: =IF(L128="","",L128-I128) | N128: 103.333 | O128: =IF(L128="","",L128*N128) | P128: =IF(M128="","",M128*N128) | R128: En stock
A129: 123 | B129: Matières premières | C129: Ingrédients > Chocolat | D129: CHOCOLAT DE COUVERTURE BLANC | F129: kg | I129: 0 | L129: =IF(AND(J129="",K129=""),"",IF(H129="",K129,J129*H129+K129)) | M129: =IF(L129="","",L129-I129) | N129: 90 | O129: =IF(L129="","",L129*N129) | P129: =IF(M129="","",M129*N129) | R129: Stock a 0
A130: 124 | B130: Matières premières | C130: Ingrédients > Chocolat | D130: CHOCOLAT DE COUVERTURE BLANC DGF | F130: kg | I130: 0 | L130: =IF(AND(J130="",K130=""),"",IF(H130="",K130,J130*H130+K130)) | M130: =IF(L130="","",L130-I130) | N130: 103.333 | O130: =IF(L130="","",L130*N130) | P130: =IF(M130="","",M130*N130) | R130: En stock
A131: 125 | B131: Matières premières | C131: Ingrédients > Chocolat | D131: CHOCOLAT DE COUVERTURE NOIR DGF | F131: kg | I131: 0 | L131: =IF(AND(J131="",K131=""),"",IF(H131="",K131,J131*H131+K131)) | M131: =IF(L131="","",L131-I131) | N131: 99.167 | O131: =IF(L131="","",L131*N131) | P131: =IF(M131="","",M131*N131) | R131: En stock
A132: 126 | B132: Matières premières | C132: Ingrédients > Chocolat | D132: CHOCOLAT DE COUVERTURE NOIR VHP | F132: kg | I132: 0 | L132: =IF(AND(J132="",K132=""),"",IF(H132="",K132,J132*H132+K132)) | M132: =IF(L132="","",L132-I132) | N132: 86.666 | O132: =IF(L132="","",L132*N132) | P132: =IF(M132="","",M132*N132) | R132: En stock
A133: 127 | B133: Matières premières | C133: Ingrédients > Chocolat | D133: Cacao en poudre 10/12 | E133: Générique | F133: kg | I133: 0 | L133: =IF(AND(J133="",K133=""),"",IF(H133="",K133,J133*H133+K133)) | M133: =IF(L133="","",L133-I133) | N133: 79.166 | O133: =IF(L133="","",L133*N133) | P133: =IF(M133="","",M133*N133) | R133: En stock
A134: 128 | B134: Matières premières | C134: Ingrédients > Chocolat | D134: Chocolat 50% | E134: Générique | F134: kg | I134: 0 | L134: =IF(AND(J134="",K134=""),"",IF(H134="",K134,J134*H134+K134)) | M134: =IF(L134="","",L134-I134) | N134: 120 | O134: =IF(L134="","",L134*N134) | P134: =IF(M134="","",M134*N134) | R134: Jamais recu
A135: 129 | B135: Matières premières | C135: Ingrédients > Chocolat | D135: Chocolat Blanc 30% | E135: DGF | F135: kg | I135: 0 | L135: =IF(AND(J135="",K135=""),"",IF(H135="",K135,J135*H135+K135)) | M135: =IF(L135="","",L135-I135) | N135: 125 | O135: =IF(L135="","",L135*N135) | P135: =IF(M135="","",M135*N135) | R135: Jamais recu
A136: 130 | B136: Matières premières | C136: Ingrédients > Chocolat | D136: Chocolat Gala Blanc | E136: Gala | F136: kg | I136: 0 | L136: =IF(AND(J136="",K136=""),"",IF(H136="",K136,J136*H136+K136)) | M136: =IF(L136="","",L136-I136) | N136: 23 | O136: =IF(L136="","",L136*N136) | P136: =IF(M136="","",M136*N136) | R136: Jamais recu
A137: 131 | B137: Matières premières | C137: Ingrédients > Chocolat | D137: Chocolat Gala Noir | F137: unit | I137: 0 | L137: =IF(AND(J137="",K137=""),"",IF(H137="",K137,J137*H137+K137)) | M137: =IF(L137="","",L137-I137) | N137: 22.5 | O137: =IF(L137="","",L137*N137) | P137: =IF(M137="","",M137*N137) | R137: En stock
A138: 132 | B138: Matières premières | C138: Ingrédients > Chocolat | D138: Chocolat Gala Noir | E138: Gala | F138: kg | I138: 0 | L138: =IF(AND(J138="",K138=""),"",IF(H138="",K138,J138*H138+K138)) | M138: =IF(L138="","",L138-I138) | N138: 22 | O138: =IF(L138="","",L138*N138) | P138: =IF(M138="","",M138*N138) | R138: Jamais recu
A139: 133 | B139: Matières premières | C139: Ingrédients > Chocolat | D139: Chocolat Rich Noir | F139: kg | I139: 0 | L139: =IF(AND(J139="",K139=""),"",IF(H139="",K139,J139*H139+K139)) | M139: =IF(L139="","",L139-I139) | N139: 86.66 | O139: =IF(L139="","",L139*N139) | P139: =IF(M139="","",M139*N139) | R139: Stock a 0
A140: 134 | B140: Matières premières | C140: Ingrédients > Chocolat | D140: Chocolat baton | F140: unit | I140: 0 | L140: =IF(AND(J140="",K140=""),"",IF(H140="",K140,J140*H140+K140)) | M140: =IF(L140="","",L140-I140) | N140: 12 | O140: =IF(L140="","",L140*N140) | P140: =IF(M140="","",M140*N140) | R140: Stock a 0
A141: 135 | B141: Matières premières | C141: Ingrédients > Chocolat | D141: Chocolat blanc | F141: kg | I141: 0 | L141: =IF(AND(J141="",K141=""),"",IF(H141="",K141,J141*H141+K141)) | M141: =IF(L141="","",L141-I141) | N141: 155 | O141: =IF(L141="","",L141*N141) | P141: =IF(M141="","",M141*N141) | R141: Jamais recu
A142: 136 | B142: Matières premières | C142: Ingrédients > Chocolat | D142: Chocolat blanc sucré ( ven hoten ) | F142: kg | I142: 0 | L142: =IF(AND(J142="",K142=""),"",IF(H142="",K142,J142*H142+K142)) | M142: =IF(L142="","",L142-I142) | N142: 35.72 | O142: =IF(L142="","",L142*N142) | P142: =IF(M142="","",M142*N142) | R142: Stock a 0
A143: 137 | B143: Matières premières | C143: Ingrédients > Chocolat | D143: Chocolat cookies drops | F143: g | I143: 0 | L143: =IF(AND(J143="",K143=""),"",IF(H143="",K143,J143*H143+K143)) | M143: =IF(L143="","",L143-I143) | N143: 0.14 | O143: =IF(L143="","",L143*N143) | P143: =IF(M143="","",M143*N143) | R143: Stock a 0
A144: 138 | B144: Matières premières | C144: Ingrédients > Chocolat | D144: Chocolat cookies drops | F144: kg | I144: 0 | L144: =IF(AND(J144="",K144=""),"",IF(H144="",K144,J144*H144+K144)) | M144: =IF(L144="","",L144-I144) | N144: 30 | O144: =IF(L144="","",L144*N144) | P144: =IF(M144="","",M144*N144) | R144: Stock a 0
A145: 139 | B145: Matières premières | C145: Ingrédients > Chocolat | D145: Chocolat couverture blanc 26.4% | E145: ECOMAB | F145: kg | I145: 0 | L145: =IF(AND(J145="",K145=""),"",IF(H145="",K145,J145*H145+K145)) | M145: =IF(L145="","",L145-I145) | N145: 106 | O145: =IF(L145="","",L145*N145) | P145: =IF(M145="","",M145*N145) | R145: Jamais recu
A146: 140 | B146: Matières premières | C146: Ingrédients > Chocolat | D146: Chocolat couverture noir VHP | E146: ECOMAB | F146: kg | I146: 0 | L146: =IF(AND(J146="",K146=""),"",IF(H146="",K146,J146*H146+K146)) | M146: =IF(L146="","",L146-I146) | N146: 97.5 | O146: =IF(L146="","",L146*N146) | P146: =IF(M146="","",M146*N146) | R146: En stock
A147: 141 | B147: Matières premières | C147: Ingrédients > Chocolat | D147: Chocolat de couverture Lait 33% | E147: DGF | F147: kg | I147: 0 | L147: =IF(AND(J147="",K147=""),"",IF(H147="",K147,J147*H147+K147)) | M147: =IF(L147="","",L147-I147) | N147: 123.334 | O147: =IF(L147="","",L147*N147) | P147: =IF(M147="","",M147*N147) | R147: Jamais recu
A148: 142 | B148: Matières premières | C148: Ingrédients > Chocolat | D148: Chocolat de couverture Noir 55% | E148: DGF | F148: kg | I148: 0 | L148: =IF(AND(J148="",K148=""),"",IF(H148="",K148,J148*H148+K148)) | M148: =IF(L148="","",L148-I148) | N148: 117.5 | O148: =IF(L148="","",L148*N148) | P148: =IF(M148="","",M148*N148) | R148: Jamais recu
A149: 143 | B149: Matières premières | C149: Ingrédients > Chocolat | D149: Chocolat de couverture Noir 70,5% | E149: Callebaut | F149: kg | I149: 0 | L149: =IF(AND(J149="",K149=""),"",IF(H149="",K149,J149*H149+K149)) | M149: =IF(L149="","",L149-I149) | N149: 166.668 | O149: =IF(L149="","",L149*N149) | P149: =IF(M149="","",M149*N149) | R149: Jamais recu
A150: 144 | B150: Matières premières | C150: Ingrédients > Chocolat | D150: Chocolat gala blanc | F150: unit | I150: 0 | L150: =IF(AND(J150="",K150=""),"",IF(H150="",K150,J150*H150+K150)) | M150: =IF(L150="","",L150-I150) | N150: 22 | O150: =IF(L150="","",L150*N150) | P150: =IF(M150="","",M150*N150) | R150: En stock
A151: 145 | B151: Matières premières | C151: Ingrédients > Chocolat | D151: Chocolat lait | F151: kg | I151: 0 | L151: =IF(AND(J151="",K151=""),"",IF(H151="",K151,J151*H151+K151)) | M151: =IF(L151="","",L151-I151) | N151: 160 | O151: =IF(L151="","",L151*N151) | P151: =IF(M151="","",M151*N151) | R151: Stock a 0
A152: 146 | B152: Matières premières | C152: Ingrédients > Chocolat | D152: Chocolat noir | F152: kg | I152: 0 | L152: =IF(AND(J152="",K152=""),"",IF(H152="",K152,J152*H152+K152)) | M152: =IF(L152="","",L152-I152) | N152: 150 | O152: =IF(L152="","",L152*N152) | P152: =IF(M152="","",M152*N152) | R152: Stock a 0
A153: 147 | B153: Matières premières | C153: Ingrédients > Chocolat | D153: Gouttes Drops 44% | E153: DGF | F153: kg | I153: 0 | L153: =IF(AND(J153="",K153=""),"",IF(H153="",K153,J153*H153+K153)) | M153: =IF(L153="","",L153-I153) | N153: 100 | O153: =IF(L153="","",L153*N153) | P153: =IF(M153="","",M153*N153) | R153: En stock
A154: 148 | B154: Matières premières | C154: Ingrédients > Chocolat | D154: Gouttes drops 50% DGF | E154: ECOMAB | F154: kg | I154: 0 | L154: =IF(AND(J154="",K154=""),"",IF(H154="",K154,J154*H154+K154)) | M154: =IF(L154="","",L154-I154) | N154: 75 | O154: =IF(L154="","",L154*N154) | P154: =IF(M154="","",M154*N154) | R154: En stock
A155: 149 | B155: Matières premières | C155: Ingrédients > Chocolat | D155: Pistoles signature blanc VHP | E155: ECOMAB | F155: kg | I155: 0 | L155: =IF(AND(J155="",K155=""),"",IF(H155="",K155,J155*H155+K155)) | M155: =IF(L155="","",L155-I155) | N155: 37.5 | O155: =IF(L155="","",L155*N155) | P155: =IF(M155="","",M155*N155) | R155: Jamais recu
A156: 150 | B156: Matières premières | C156: Ingrédients > Chocolat | D156: Pouder cacao | F156: kg | I156: 0 | L156: =IF(AND(J156="",K156=""),"",IF(H156="",K156,J156*H156+K156)) | M156: =IF(L156="","",L156-I156) | N156: 79.166 | O156: =IF(L156="","",L156*N156) | P156: =IF(M156="","",M156*N156) | R156: Stock a 0
A157: 151 | B157: Matières premières | C157: Ingrédients > Chocolat | D157: Tablette Signature Blanc VHP | E157: VHP | F157: kg | I157: 0 | L157: =IF(AND(J157="",K157=""),"",IF(H157="",K157,J157*H157+K157)) | M157: =IF(L157="","",L157-I157) | N157: 35.72 | O157: =IF(L157="","",L157*N157) | P157: =IF(M157="","",M157*N157) | R157: En stock
A158: 152 | B158: Matières premières | C158: Ingrédients > Chocolat | D158: Tablette Signature Lait VHP | E158: VHP | F158: kg | I158: 0 | K158: 1 | L158: =IF(AND(J158="",K158=""),"",IF(H158="",K158,J158*H158+K158)) | M158: =IF(L158="","",L158-I158) | N158: 35.72 | O158: =IF(L158="","",L158*N158) | P158: =IF(M158="","",M158*N158) | R158: En stock
A159: 153 | B159: Matières premières | C159: Ingrédients > Chocolat | D159: Tablette Signature Noir VHP | E159: VHP | F159: kg | I159: 0 | K159: 4 | L159: =IF(AND(J159="",K159=""),"",IF(H159="",K159,J159*H159+K159)) | M159: =IF(L159="","",L159-I159) | N159: 35.02 | O159: =IF(L159="","",L159*N159) | P159: =IF(M159="","",M159*N159) | R159: En stock
A160: 154 | B160: Matières premières | C160: Ingrédients > Chocolat | D160: Tegral chocolat | F160: kg | I160: 0 | K160: 18 | L160: =IF(AND(J160="",K160=""),"",IF(H160="",K160,J160*H160+K160)) | M160: =IF(L160="","",L160-I160) | N160: 17.7417 | O160: =IF(L160="","",L160*N160) | P160: =IF(M160="","",M160*N160) | Q160: 2027-05-22 | R160: En stock | S160: carnet : 'Tegrale chocolat'
A161: 155 | B161: Matières premières | C161: Ingrédients > Colorants | D161: Colorant hydrosoluble Bleu Saphir | E161: Générique | F161: kg | I161: 0 | L161: =IF(AND(J161="",K161=""),"",IF(H161="",K161,J161*H161+K161)) | M161: =IF(L161="","",L161-I161) | N161: 1500 | O161: =IF(L161="","",L161*N161) | P161: =IF(M161="","",M161*N161) | R161: Jamais recu
A162: 156 | B162: Matières premières | C162: Ingrédients > Colorants | D162: Colorant hydrosoluble Jaune Ocre | E162: Générique | F162: kg | I162: 0 | L162: =IF(AND(J162="",K162=""),"",IF(H162="",K162,J162*H162+K162)) | M162: =IF(L162="","",L162-I162) | N162: 1375 | O162: =IF(L162="","",L162*N162) | P162: =IF(M162="","",M162*N162) | R162: Jamais recu
A163: 157 | B163: Matières premières | C163: Ingrédients > Colorants | D163: Colorant hydrosoluble Jaune Soleil | E163: Générique | F163: kg | I163: 0 | L163: =IF(AND(J163="",K163=""),"",IF(H163="",K163,J163*H163+K163)) | M163: =IF(L163="","",L163-I163) | N163: 1312.5 | O163: =IF(L163="","",L163*N163) | P163: =IF(M163="","",M163*N163) | R163: Jamais recu
A164: 158 | B164: Matières premières | C164: Ingrédients > Colorants | D164: Colorant hydrosoluble Rouge Fraise | E164: Générique | F164: kg | I164: 0 | L164: =IF(AND(J164="",K164=""),"",IF(H164="",K164,J164*H164+K164)) | M164: =IF(L164="","",L164-I164) | N164: 1500 | O164: =IF(L164="","",L164*N164) | P164: =IF(M164="","",M164*N164) | R164: Jamais recu
A165: 159 | B165: Matières premières | C165: Ingrédients > Colorants | D165: Colorant jaune liposoluble | F165: g | I165: 0 | L165: =IF(AND(J165="",K165=""),"",IF(H165="",K165,J165*H165+K165)) | M165: =IF(L165="","",L165-I165) | N165: 0 | O165: =IF(L165="","",L165*N165) | P165: =IF(M165="","",M165*N165) | R165: Jamais recu
A166: 160 | B166: Matières premières | C166: Ingrédients > Colorants | D166: Colorant liposoluble Jaune Soleil E110 | E166: Générique | F166: kg | I166: 0 | L166: =IF(AND(J166="",K166=""),"",IF(H166="",K166,J166*H166+K166)) | M166: =IF(L166="","",L166-I166) | N166: 1312.5 | O166: =IF(L166="","",L166*N166) | P166: =IF(M166="","",M166*N166) | R166: Jamais recu
A167: 161 | B167: Matières premières | C167: Ingrédients > Colorants | D167: Colorant liposoluble Rouge Fraise | E167: Générique | F167: kg | I167: 0 | L167: =IF(AND(J167="",K167=""),"",IF(H167="",K167,J167*H167+K167)) | M167: =IF(L167="","",L167-I167) | N167: 3000 | O167: =IF(L167="","",L167*N167) | P167: =IF(M167="","",M167*N167) | R167: Jamais recu
A168: 162 | B168: Matières premières | C168: Ingrédients > Colorants | D168: Colorant liposoluble Rouge Framboise | E168: Générique | F168: kg | I168: 0 | L168: =IF(AND(J168="",K168=""),"",IF(H168="",K168,J168*H168+K168)) | M168: =IF(L168="","",L168-I168) | N168: 1541.75 | O168: =IF(L168="","",L168*N168) | P168: =IF(M168="","",M168*N168) | R168: Jamais recu
A169: 163 | B169: Matières premières | C169: Ingrédients > Colorants | D169: Colorant poudre jaune | F169: g | I169: 0 | L169: =IF(AND(J169="",K169=""),"",IF(H169="",K169,J169*H169+K169)) | M169: =IF(L169="","",L169-I169) | N169: 0 | O169: =IF(L169="","",L169*N169) | P169: =IF(M169="","",M169*N169) | R169: Jamais recu
A170: 164 | B170: Matières premières | C170: Ingrédients > Colorants | D170: Colorant rose | F170: unit | I170: 0 | L170: =IF(AND(J170="",K170=""),"",IF(H170="",K170,J170*H170+K170)) | M170: =IF(L170="","",L170-I170) | N170: 28 | O170: =IF(L170="","",L170*N170) | P170: =IF(M170="","",M170*N170) | R170: Stock a 0
A171: 165 | B171: Matières premières | C171: Ingrédients > Colorants | D171: Colorant vert hydrosoluble | F171: g | I171: 0 | L171: =IF(AND(J171="",K171=""),"",IF(H171="",K171,J171*H171+K171)) | M171: =IF(L171="","",L171-I171) | N171: 0 | O171: =IF(L171="","",L171*N171) | P171: =IF(M171="","",M171*N171) | R171: Jamais recu
A172: 166 | B172: Matières premières | C172: Ingrédients > Conserves | D172: Champignons noirs | E172: Générique | F172: kg | I172: 0 | L172: =IF(AND(J172="",K172=""),"",IF(H172="",K172,J172*H172+K172)) | M172: =IF(L172="","",L172-I172) | N172: 175 | O172: =IF(L172="","",L172*N172) | P172: =IF(M172="","",M172*N172) | R172: Jamais recu
A173: 167 | B173: Matières premières | C173: Ingrédients > Conserves | D173: Citron confuture | F173: unit | I173: 0 | L173: =IF(AND(J173="",K173=""),"",IF(H173="",K173,J173*H173+K173)) | M173: =IF(L173="","",L173-I173) | N173: 0 | O173: =IF(L173="","",L173*N173) | P173: =IF(M173="","",M173*N173) | R173: Jamais recu
A174: 168 | B174: Matières premières | C174: Ingrédients > Conserves | D174: Cornichons (boîte) | E174: Générique | F174: unit | I174: 0 | L174: =IF(AND(J174="",K174=""),"",IF(H174="",K174,J174*H174+K174)) | M174: =IF(L174="","",L174-I174) | N174: 15 | O174: =IF(L174="","",L174*N174) | P174: =IF(M174="","",M174*N174) | R174: En stock
A175: 169 | B175: Matières premières | C175: Ingrédients > Conserves | D175: Maïs en grain (boîte) | E175: Khayrat | F175: unit | I175: 0 | L175: =IF(AND(J175="",K175=""),"",IF(H175="",K175,J175*H175+K175)) | M175: =IF(L175="","",L175-I175) | N175: 16.25 | O175: =IF(L175="","",L175*N175) | P175: =IF(M175="","",M175*N175) | R175: Jamais recu
A176: 170 | B176: Matières premières | C176: Ingrédients > Conserves | D176: Nestlé | F176: unit | I176: 0 | L176: =IF(AND(J176="",K176=""),"",IF(H176="",K176,J176*H176+K176)) | M176: =IF(L176="","",L176-I176) | N176: 22 | O176: =IF(L176="","",L176*N176) | P176: =IF(M176="","",M176*N176) | R176: En stock
A177: 171 | B177: Matières premières | C177: Ingrédients > Conserves | D177: Thon Tam | E177: Tam | F177: kg | I177: 0 | L177: =IF(AND(J177="",K177=""),"",IF(H177="",K177,J177*H177+K177)) | M177: =IF(L177="","",L177-I177) | N177: 128 | O177: =IF(L177="","",L177*N177) | P177: =IF(M177="","",M177*N177) | R177: Stock a 0
A178: 172 | B178: Matières premières | C178: Ingrédients > Crèmes (fraîche, liquide, épaisse) | D178: Creme cheese | F178: unit | I178: 0 | L178: =IF(AND(J178="",K178=""),"",IF(H178="",K178,J178*H178+K178)) | M178: =IF(L178="","",L178-I178) | N178: 50 | O178: =IF(L178="","",L178*N178) | P178: =IF(M178="","",M178*N178) | R178: En stock
A179: 173 | B179: Matières premières | C179: Ingrédients > Crèmes (fraîche, liquide, épaisse) | D179: Creme chocolat | F179: kg | I179: 0 | K179: 4 | L179: =IF(AND(J179="",K179=""),"",IF(H179="",K179,J179*H179+K179)) | M179: =IF(L179="","",L179-I179) | N179: 25.533 | O179: =IF(L179="","",L179*N179) | P179: =IF(M179="","",M179*N179) | R179: En stock
A180: 174 | B180: Matières premières | C180: Ingrédients > Crèmes (fraîche, liquide, épaisse) | D180: Creme citron | F180: kg | I180: 0 | L180: =IF(AND(J180="",K180=""),"",IF(H180="",K180,J180*H180+K180)) | M180: =IF(L180="","",L180-I180) | N180: 28.884 | O180: =IF(L180="","",L180*N180) | P180: =IF(M180="","",M180*N180) | R180: En stock
...

Sheet Consommables
A1: INVENTAIRE ECONOMAT - EMBALLAGES, ENTRETIEN ET PETIT MATERIEL
A3: Date de l'inventaire : | D3: Comptage effectue par : | G3: Verifie par :
A4: Fond jaune = a remplir | fond gris = calcule automatiquement | ecart non nul = ligne en rouge
A6: N° | B6: Famille | C6: Categorie | D6: Article | E6: Format | F6: Fournisseur | G6: Unite | H6: Stock theorique | I6: Qte comptee | J6: Ecart | K6: PU | L6: Valeur comptee | M6: Valeur ecart | N6: Observations
A7: 1 | B7: Emballages | C7: Boites | D7: Boite à gateau | G7: unit | H7: 0 | J7: =IF(I7="","",I7-H7) | K7: 30 | L7: =IF(I7="","",I7*K7) | M7: =IF(J7="","",J7*K7)
A8: 2 | B8: Emballages | C8: Etiquettes | D8: Etiquettes | G8: unit | H8: 0 | J8: =IF(I8="","",I8-H8) | K8: 12 | L8: =IF(I8="","",I8*K8) | M8: =IF(J8="","",J8*K8)
A9: 3 | B9: Emballages | C9: Etiquettes | D9: Languette triangle | G9: unit | H9: 0 | J9: =IF(I9="","",I9-H9) | K9: 0.24 | L9: =IF(I9="","",I9*K9) | M9: =IF(J9="","",J9*K9)
A10: 4 | B10: Emballages | C10: Ficelles & Rubans | D10: CAPSULES | G10: unit | H10: 0 | J10: =IF(I10="","",I10-H10) | K10: 5 | L10: =IF(I10="","",I10*K10) | M10: =IF(J10="","",J10*K10)
A11: 5 | B11: Emballages | C11: Ficelles & Rubans | D11: Caissette 45 | G11: unit | H11: 0 | J11: =IF(I11="","",I11-H11) | K11: 30 | L11: =IF(I11="","",I11*K11) | M11: =IF(J11="","",J11*K11)
A12: 6 | B12: Emballages | C12: Ficelles & Rubans | D12: Caissette capcake | G12: unit | H12: 0 | J12: =IF(I12="","",I12-H12) | K12: 0.8 | L12: =IF(I12="","",I12*K12) | M12: =IF(J12="","",J12*K12)
A13: 7 | B13: Emballages | C13: Ficelles & Rubans | D13: Caissette muffins | G13: unit | H13: 0 | J13: =IF(I13="","",I13-H13) | K13: 28 | L13: =IF(I13="","",I13*K13) | M13: =IF(J13="","",J13*K13)
A14: 8 | B14: Emballages | C14: Ficelles & Rubans | D14: FEUILLE DE CELLOPHANE | G14: unit | H14: 0 | J14: =IF(I14="","",I14-H14) | K14: 1.5 | L14: =IF(I14="","",I14*K14) | M14: =IF(J14="","",J14*K14)
A15: 9 | B15: Emballages | C15: Ficelles & Rubans | D15: Languette | G15: unit | H15: 0 | J15: =IF(I15="","",I15-H15) | K15: 0 | L15: =IF(I15="","",I15*K15) | M15: =IF(J15="","",J15*K15)
A16: 10 | B16: Emballages | C16: Ficelles & Rubans | D16: Longuette cheese cake | G16: unit | H16: 0 | J16: =IF(I16="","",I16-H16) | K16: 0.24 | L16: =IF(I16="","",I16*K16) | M16: =IF(J16="","",J16*K16)
A17: 11 | B17: Emballages | C17: Ficelles & Rubans | D17: Longuette triangle | G17: unit | H17: 0 | J17: =IF(I17="","",I17-H17) | K17: 0.3 | L17: =IF(I17="","",I17*K17) | M17: =IF(J17="","",J17*K17)
A18: 12 | B18: Emballages | C18: Ficelles & Rubans | D18: Pévicé | G18: unit | H18: 0 | J18: =IF(I18="","",I18-H18) | K18: 180 | L18: =IF(I18="","",I18*K18) | M18: =IF(J18="","",J18*K18)
... A115: 109 | B115: Équipements & Matériel | C115: Petit matériel > Ustensiles pâtisserie | D115: Silicon trompe l'oeil mangue | G115: unit | H115: 0 | J115: =IF(I115="","",I115-H115) | K115: 170 | L115: =IF(I115="","",I115*K115) | M115: =IF(J115="","",J115*K115)
D116: TOTAL CONSOMMABLES | L116: =SUM(L7:L115) | M116: =SUM(M7:M115)

Sheet A arbitrer
A1: COMPTAGE DU CARNET - LIGNES NON REPORTEES
A2: Ces quantites ont bien ete comptees, mais l'article correspondant est ambigu dans le referentiel. Choisissez le bon article, puis saisissez la quantite dans l'onglet 'Ingredients'.
A4: Libelle du carnet | B4: Quantite comptee | C4: Pourquoi ce n'est pas reporte | D4: Articles candidats en base | E4: Article retenu
A5: Beurre | B5: 140 kg | C5: 3 articles 'Beurre' au referentiel | D5: Beurre (kg, theo 125) | Beurre (kg, theo 600) | Beurre (unit, theo 0)
A6: Creme patissier | B6: 17 kg | C6: doublon | D6: CREME PATISSIERE (kg, theo 20) | Creme patissiere (kg, theo 15)
A7: Poudre cacao | B7: 3 kg | C7: doublon / faute de frappe en base | D7: Cacao en poudre 10/12 (kg, theo 7,3) | Pouder cacao (kg, theo 0)
A8: Praline amande | B8: 8 kg | C8: doublon | D8: Praline amande (kg, theo 24) | Praline amande 50% (kg, theo 20,3) | Praline amande (unit, theo 0)
A9: Chocovic | B9: 9 kg | C9: libelle du carnet non trouve tel quel | D9: Beurre de cacao chocovic (kg, theo 3) -- a confirmer
A10: Tablette Signature blanc | B10: 2 kg | C10: doublon | D10: TABLETTE SIGNATURE BLANC (kg, theo 0) | Tablette Signature Blanc VHP (kg, theo 9,5)
A11: Batons boulanger | B11: 6 boites | C11: doublon + conversion boite -> unite inconnue | D11: 500 batons boulangers DGF (unit, theo 21) | Batons boulangers DGF 500 (unit, theo 0)
A12: Ameliorant viennoiserie | B12: 5 seaux | C12: poids du seau non renseigne en base | D12: Ameliorant Viennoiserie (kg, theo 0) -- indiquer les kg par seau
A13: Tegrale neutre | B13: 9 kg | C13: ABSENT du referentiel | D13: existent : Tegral multigrain (10) | Tegral vanille (16) | Tegral chocolat (15,9)
A14: Gelatine | B14: 1 boite | C14: 3 articles + conversion boite inconnue | D14: Gelatine en feuille (kg, theo 2) | Gelatine (unit, theo 1) | Gelatine en feuille (kg, theo 0)
A15: Chocolat couverture VAN - blanc | B15: 2,5 kg (chiffre rature) | C15: 'VAN' = 'VHP' ? a confirmer | D15: CHOCOLAT COUVERTURE BLANC VHP (kg, theo 5)
A16: Chocolat couverture VAN - noir | B16: 5 kg | C16: 'VAN' = 'VHP' ? + doublon | D16: CHOCOLAT DE COUVERTURE NOIR VHP (kg, theo 5) | Chocolat couverture noir VHP (kg, theo 3,847)
... A25: Lait | B25: 37 L | C25: doublon | D25: Lait (l, theo 261) | Lait (l, theo 6)

Sheet Synthese
A1: SYNTHESE DE L'INVENTAIRE
A2: Se met a jour automatiquement a partir des onglets de comptage.
A4: Famille | B4: Source | C4: Nb articles | D4: Valeur theorique | E4: Valeur comptee | F4: Valeur ecart | G4: % ecart
A5: Matières premières | B5: Ingredients | C5: =COUNTIF(Ingredients!$B$7:$B$381,$A5) | D5: =SUMPRODUCT((Ingredients!$B$7:$B$381=$A5)*Ingredients!$I$7:$I$381*Ingredients!$N$7:$N$381) | E5: =SUMIF(Ingredients!$B$7:$B$381,$A5,Ingredients!$O$7:$O$381) | F5: =SUMIF(Ingredients!$B$7:$B$381,$A5,Ingredients!$P$7:$P$381) | G5: =IF($D5=0,0,$F5/$D5)
A6: Équipements & Matériel | B6: Ingredients | C6: =COUNTIF(Ingredients!$B$7:$B$381,$A6) | D6: =SUMPRODUCT((Ingredients!$B$7:$B$381=$A6)*Ingredients!$I$7:$I$381*Ingredients!$N$7:$N$381) | E6: =SUMIF(Ingredients!$B$7:$B$381,$A6,Ingredients!$O$7:$O$381) | F6: =SUMIF(Ingredients!$B$7:$B$381,$A6,Ingredients!$P$7:$P$381) | G6: =IF($D6=0,0,$F6/$D6)
A7: Emballages | B7: Consommables | C7: =COUNTIF(Consommables!$B$7:$B$115,$A7) | D7: =SUMPRODUCT((Consommables!$B$7:$B$115=$A7)*Consommables!$H$7:$H$115*Consommables!$K$7:$K$115) | E7: =SUMIF(Consommables!$B$7:$B$115,$A7,Consommables!$L$7:$L$115) | F7: =SUMIF(Consommables!$B$7:$B$115,$A7,Consommables!$M$7:$M$115) | G7: =IF($D7=0,0,$F7/$D7)
A8: Entretien & Maintenance | B8: Consommables | C8: =COUNTIF(Consommables!$B$7:$B$115,$A8) | D8: =SUMPRODUCT((Consommables!$B$7:$B$115=$A8)*Consommables!$H$7:$H$115*Consommables!$K$7:$K$115) | E8: =SUMIF(Consommables!$B$7:$B$115,$A8,Consommables!$L$7:$L$115) | F8: =SUMIF(Consommables!$B$7:$B$115,$A8,Consommables!$M$7:$M$115) | G8: =IF($D8=0,0,$F8/$D8)
A9: Non classe (a rattacher) | B9: Consommables | C9: =COUNTIF(Consommables!$B$7:$B$115,$A9) | D9: =SUMPRODUCT((Consommables!$B$7:$B$115=$A9)*Consommables!$H$7:$H$115*Consommables!$K$7:$K$115) | E9: =SUMIF(Consommables!$B$7:$B$115,$A9,Consommables!$L$7:$L$115) | F9: =SUMIF(Consommables!$B$7:$B$115,$A9,Consommables!$M$7:$M$115) | G9: =IF($D9=0,0,$F9/$D9)
A10: Équipements & Matériel | B10: Consommables | C10: =COUNTIF(Consommables!$B$7:$B$115,$A10) | D10: =SUMPRODUCT((Consommables!$B$7:$B$115=$A10)*Consommables!$H$7:$H$115*Consommables!$K$7:$K$115) | E10: =SUMIF(Consommables!$B$7:$B$115,$A10,Consommables!$L$7:$L$115) | F10: =SUMIF(Consommables!$B$7:$B$115,$A10,Consommables!$M$7:$M$115) | G10: =IF($D10=0,0,$F10/$D10)
A11: TOTAL GENERAL | C11: =SUM(C5:C10) | D11: =SUM(D5:D10) | E11: =SUM(E5:E10) | F11: =SUM(F5:F10) | G11: =IF($D11=0,0,$F11/$D11)
A14: Signatures
A15: Magasinier / compteur
A16: Responsable production
A17: Direction / comptabilite
